{
    "GHCND:USW00093814": {
        "relative_yearly_precipitation": 0.2968660424230843,
        "total_yearly_precipitation": {
            "GHCND:USW00093814": 9321,
            "GHCND:US1WAKG0038": 11180,
            "GHCND:USC00513317": 5126,
            "GHCND:US1CASD0032": 5771
        },
        "relative_monthly_precipitation": {
            "2010-01": 0.05492972856989593,
            "2010-02": 0.06308336015448986,
            "2010-03": 0.09537603261452633,
            "2010-04": 0.0526767514215213,
            "2010-05": 0.15438257697671923,
            "2010-06": 0.18925008046346958,
            "2010-07": 0.06587276043342989,
            "2010-08": 0.03111254157279262,
            "2010-09": 0.01555627078639631,
            "2010-10": 0.040446304044630406,
            "2010-11": 0.18903551121124343,
            "2010-12": 0.0482780817508851
        },
        "total_monthly_precipitation": {
            "2010-01": 512,
            "2010-02": 588,
            "2010-03": 889,
            "2010-04": 491,
            "2010-05": 1439,
            "2010-06": 1764,
            "2010-07": 614,
            "2010-08": 290,
            "2010-09": 145,
            "2010-10": 377,
            "2010-11": 1762,
            "2010-12": 450
        }
    },
    "GHCND:US1WAKG0038": {
        "relative_yearly_precipitation": 0.3560736352633926,
        "total_yearly_precipitation": {
            "GHCND:USW00093814": 9321,
            "GHCND:US1WAKG0038": 11180,
            "GHCND:USC00513317": 5126,
            "GHCND:US1CASD0032": 5771
        },
        "relative_monthly_precipitation": {
            "2010-01": 0.15143112701252237,
            "2010-02": 0.06529516994633273,
            "2010-03": 0.0778175313059034,
            "2010-04": 0.06726296958855098,
            "2010-05": 0.08264758497316636,
            "2010-06": 0.053756708407871195,
            "2010-07": 0.00483005366726297,
            "2010-08": 0.009302325581395349,
            "2010-09": 0.089087656529517,
            "2010-10": 0.081216457960644,
            "2010-11": 0.10661896243291592,
            "2010-12": 0.2107334525939177
        },
        "total_monthly_precipitation": {
            "2010-01": 1693,
            "2010-02": 730,
            "2010-03": 870,
            "2010-04": 752,
            "2010-05": 924,
            "2010-06": 601,
            "2010-07": 54,
            "2010-08": 104,
            "2010-09": 996,
            "2010-10": 908,
            "2010-11": 1192,
            "2010-12": 2356
        }
    },
    "GHCND:USC00513317": {
        "relative_yearly_precipitation": 0.16325880629339448,
        "total_yearly_precipitation": {
            "GHCND:USW00093814": 9321,
            "GHCND:US1WAKG0038": 11180,
            "GHCND:USC00513317": 5126,
            "GHCND:US1CASD0032": 5771
        },
        "relative_monthly_precipitation": {
            "2010-01": 0.07062036675770582,
            "2010-02": 0.03921186110027312,
            "2010-03": 0.16796722590714008,
            "2010-04": 0.10788138899726883,
            "2010-05": 0.017362465860319937,
            "2010-06": 0.02809207959422552,
            "2010-07": 0.053843152555598905,
            "2010-08": 0.050526726492391726,
            "2010-09": 0.05267264923917284,
            "2010-10": 0.08427623878267655,
            "2010-11": 0.16504096761607492,
            "2010-12": 0.16250487709715178
        },
        "total_monthly_precipitation": {
            "2010-01": 362,
            "2010-02": 201,
            "2010-03": 861,
            "2010-04": 553,
            "2010-05": 89,
            "2010-06": 144,
            "2010-07": 276,
            "2010-08": 259,
            "2010-09": 270,
            "2010-10": 432,
            "2010-11": 846,
            "2010-12": 833
        }
    },
    "GHCND:US1CASD0032": {
        "relative_yearly_precipitation": 0.18380151602012867,
        "total_yearly_precipitation": {
            "GHCND:USW00093814": 9321,
            "GHCND:US1WAKG0038": 11180,
            "GHCND:USC00513317": 5126,
            "GHCND:US1CASD0032": 5771
        },
        "relative_monthly_precipitation": {
            "2010-01": 0.22924969675966037,
            "2010-02": 0.1478080055449662,
            "2010-03": 0.0249523479466297,
            "2010-04": 0.08334777334950615,
            "2010-05": 0.0008664009703690869,
            "2010-06": 0.0005198405822214521,
            "2010-07": 0.005891526598509791,
            "2010-08": 0.0,
            "2010-09": 0.002425922717033443,
            "2010-10": 0.10691387974354531,
            "2010-11": 0.06827239646508404,
            "2010-12": 0.32975220932247445
        },
        "total_monthly_precipitation": {
            "2010-01": 1323,
            "2010-02": 853,
            "2010-03": 144,
            "2010-04": 481,
            "2010-05": 5,
            "2010-06": 3,
            "2010-07": 34,
            "2010-08": 0,
            "2010-09": 14,
            "2010-10": 617,
            "2010-11": 394,
            "2010-12": 1903
        }
    }
}